{"0":{"idStore":"1","departament":"DOCES","category":"ALIMENTOS","subcategory":"MERCEARIA DOCE","mark":"PREDILECTA","unit":"UN","volume":null,"barCode":"7896292302297","name":"ABACAXI EM CALDA PREDILECTA 400G","dateRegister":"2012-10-23","dateUpdate":"2016-06-24","price":12.88,"pricePromo":0,"priceFinal":12.88,"stock":0,"stockMin":0,"description":"ABACAXI EM CALDA PREDILECTA 400G","codProduct":"120680","priceBuy":8.63,"validityNext":"N","priceAttacked":0,"quantityAttacked":0,"image":"\/resources\/imgs\/products\/cod\/7896292302297.png"},"1":{"idStore":"1","departament":"FRUTAS","category":"ALIMENTOS","subcategory":"HORTIFRUTI","mark":null,"unit":"UN","volume":null,"barCode":"103787","name":"ABACAXI HAWAI UN","dateRegister":"2012-11-14","dateUpdate":"2019-02-02","price":4.89,"pricePromo":0,"priceFinal":4.89,"stock":0,"stockMin":0,"description":"ABACAXI HAWAI UN","codProduct":"10378","priceBuy":3.75,"validityNext":"N","priceAttacked":0,"quantityAttacked":0,"image":"\/resources\/imgs\/products\/desc\/ABACAXI.png"},"2":{"idStore":"1","departament":"DOCES","category":"ALIMENTOS","subcategory":"MERCEARIA DOCE","mark":"PREDILECTA","unit":"UN","volume":null,"barCode":"7896292305618","name":"AMEIXA EM CALDA PREDILECTA 150G","dateRegister":"2014-05-10","dateUpdate":"2017-02-15","price":7.98,"pricePromo":0,"priceFinal":7.98,"stock":0,"stockMin":0,"description":"AMEIXA EM CALDA PREDILECTA 150G","codProduct":"1801","priceBuy":5.31,"validityNext":"N","priceAttacked":0,"quantityAttacked":0,"image":"\/resources\/imgs\/products\/cod\/7896292305618.png"},"3":{"idStore":"1","departament":"CEREAIS","category":"ALIMENTOS","subcategory":"MERCEARIA SECA","mark":null,"unit":"UN","volume":null,"barCode":"7897216500010","name":"ARROZ PRATI T1 5KG","dateRegister":"2012-05-22","dateUpdate":"2019-01-29","price":10.98,"pricePromo":0,"priceFinal":10.98,"stock":0,"stockMin":0,"description":"ARROZ PRATI T1 5KG","codProduct":"153","priceBuy":9.58,"validityNext":"N","priceAttacked":0,"quantityAttacked":0,"image":"\/resources\/imgs\/products\/cod\/7897216500010.png"},"4":{"idStore":"1","departament":"ALUMINIO","category":"PANELAS","subcategory":"COZINHA","mark":null,"unit":"UN","volume":null,"barCode":"7897101300510","name":"BACIA CAMBE VENEZA 60","dateRegister":"2014-05-28","dateUpdate":"2017-11-30","price":46.39,"pricePromo":0,"priceFinal":46.39,"stock":0,"stockMin":0,"description":"BACIA CAMBE VENEZA 60","codProduct":"2963","priceBuy":26.23,"validityNext":"N","priceAttacked":0,"quantityAttacked":0,"image":"\/resources\/imgs\/products\/cod\/7897101300510.png"},"5":{"idStore":"1","departament":"ALUMINIO","category":"PANELAS","subcategory":"BAZAR E TEXTIL","mark":null,"unit":"UN","volume":null,"barCode":"7897101300541","name":"BALDE CAMBE VENEZA 07","dateRegister":"2014-05-28","dateUpdate":"2014-05-28","price":35.19,"pricePromo":0,"priceFinal":35.19,"stock":0,"stockMin":0,"description":"BALDE CAMBE VENEZA 07","codProduct":"2990","priceBuy":19.07,"validityNext":"N","priceAttacked":0,"quantityAttacked":0,"image":"\/resources\/imgs\/products\/cod\/7897101300541.png"},"6":{"idStore":"1","departament":"ALUMINIO","category":"PANELAS","subcategory":"BAZAR E TEXTIL","mark":null,"unit":"UN","volume":null,"barCode":"7897101301531","name":"CAFETEIRA C\/COADOR CAMBE 02","dateRegister":"2014-05-28","dateUpdate":"2014-05-28","price":41.69,"pricePromo":0,"priceFinal":41.69,"stock":0,"stockMin":0,"description":"CAFETEIRA C.COADOR CAMBE 02","codProduct":"3026","priceBuy":22.57,"validityNext":"N","priceAttacked":0,"quantityAttacked":0,"image":"\/resources\/imgs\/products\/cod\/7897101301531.png"},"7":{"idStore":"1","departament":"ALUMINIO","category":"PANELAS","subcategory":"COZINHA","mark":null,"unit":"UN","volume":null,"barCode":"7897101302477","name":"CALDEIRAO C\/ALCAS CAMBE 18","dateRegister":"2014-05-28","dateUpdate":"2014-05-28","price":33.19,"pricePromo":0,"priceFinal":33.19,"stock":0,"stockMin":0,"description":"CALDEIRAO C.ALCAS CAMBE 18","codProduct":"3051","priceBuy":17.99,"validityNext":"N","priceAttacked":0,"quantityAttacked":0,"image":"\/resources\/imgs\/products\/cod\/7897101302477.png"},"8":{"idStore":"1","departament":"LIGHT.DIET","category":"ALIMENTOS","subcategory":"MERCEARIA DOCE","mark":null,"unit":"UN","volume":null,"barCode":"7897900312295","name":"CEREAL BARRA TRIO LIGHT 20G.COCO\/CH","dateRegister":"2012-10-19","dateUpdate":"2019-01-10","price":1.59,"pricePromo":0,"priceFinal":1.59,"stock":0,"stockMin":0,"description":"CEREAL BARRA TRIO LIGHT 20G.COCO.CH","codProduct":"1873","priceBuy":1,"validityNext":"N","priceAttacked":0,"quantityAttacked":0,"image":"\/resources\/imgs\/products\/cod\/7897900312295.png"},"9":{"idStore":"1","departament":"LIGHT.DIET","category":"ALIMENTOS","subcategory":"MERCEARIA DOCE","mark":null,"unit":"UN","volume":null,"barCode":"7897900315678","name":"CEREAL BARRA TRIO ZERO 20G.BAN\/CHOC","dateRegister":"2012-10-17","dateUpdate":"2019-01-10","price":1.59,"pricePromo":0,"priceFinal":1.59,"stock":0,"stockMin":0,"description":"CEREAL BARRA TRIO ZERO 20G.BAN.CHOC","codProduct":"9155","priceBuy":1,"validityNext":"N","priceAttacked":0,"quantityAttacked":0,"image":"\/resources\/imgs\/products\/cod\/7897900315678.png"},"10":{"idStore":"1","departament":"CERVEJAS","category":"LONG NECKS","subcategory":"BEBIDAS","mark":"BRAHMA","unit":"UN","volume":null,"barCode":"7891149040308","name":"CERVEJA BRAHMA L.N.355ML.MLZBIER","dateRegister":"2012-11-20","dateUpdate":"2018-11-11","price":3.98,"pricePromo":0,"priceFinal":3.98,"stock":0,"stockMin":0,"description":"CERVEJA BRAHMA L.N.355ML.MLZBIER","codProduct":"6966","priceBuy":2.33,"validityNext":"N","priceAttacked":0,"quantityAttacked":0,"image":"\/resources\/imgs\/products\/cod\/7891149040308.png"},"11":{"idStore":"1","departament":"CERVEJAS","category":"LONG NECKS","subcategory":"BEBIDAS","mark":"BRAHMA","unit":"UN","volume":null,"barCode":"7891149104956","name":"CERVEJA BRAHMA L.N.355ML.ZERO ALCOOL","dateRegister":"2012-11-20","dateUpdate":"2019-01-21","price":3.29,"pricePromo":0,"priceFinal":3.29,"stock":0,"stockMin":0,"description":"CERVEJA BRAHMA L.N.355ML.ZERO ALCOOL","codProduct":"32909","priceBuy":2.15,"validityNext":"N","priceAttacked":0,"quantityAttacked":0,"image":"\/resources\/imgs\/products\/cod\/7891149104956.png"},"12":{"idStore":"1","departament":"CERVEJAS","category":"LONG NECKS","subcategory":"BEBIDAS","mark":"BRAHMA","unit":"UN","volume":null,"barCode":"7891149104932","name":"CERVEJA BRAHMA LT 350ML ZERO","dateRegister":"2014-07-28","dateUpdate":"2019-01-21","price":2.79,"pricePromo":0,"priceFinal":2.79,"stock":0,"stockMin":0,"description":"CERVEJA BRAHMA LT 350ML ZERO","codProduct":"4642","priceBuy":2.07,"validityNext":"N","priceAttacked":0,"quantityAttacked":0,"image":"\/resources\/imgs\/products\/cod\/7891149104932.png"},"13":{"idStore":"1","departament":"CERVEJAS","category":"LONG NECKS","subcategory":"BEBIDAS","mark":"HEINEKEN","unit":"UN","volume":null,"barCode":"78904972","name":"CERVEJA HEINEKEN L.N.330ML","dateRegister":"2012-11-20","dateUpdate":"2018-12-18","price":4.98,"pricePromo":0,"priceFinal":4.98,"stock":0,"stockMin":0,"description":"CERVEJA HEINEKEN L.N.330ML","codProduct":"10764","priceBuy":3.18,"validityNext":"N","priceAttacked":0,"quantityAttacked":0,"image":"\/resources\/imgs\/products\/cod\/78904972.png"},"14":{"idStore":"1","departament":"CERVEJAS","category":"LONG NECKS","subcategory":"BEBIDAS","mark":"HEINEKEN","unit":"UN","volume":null,"barCode":"7896045505357","name":"CERVEJA HEINEKEN LT 250ML","dateRegister":"2012-11-20","dateUpdate":"2018-07-01","price":2.69,"pricePromo":0,"priceFinal":2.69,"stock":0,"stockMin":0,"description":"CERVEJA HEINEKEN LT 250ML","codProduct":"34140","priceBuy":3.99,"validityNext":"N","priceAttacked":0,"quantityAttacked":0,"image":"\/resources\/imgs\/products\/cod\/7896045505357.png"},"15":{"idStore":"1","departament":"CERVEJAS","category":"LONG NECKS","subcategory":"BEBIDAS","mark":null,"unit":"UN","volume":null,"barCode":"7891149200504","name":"CERVEJA SKOL LT 350ML","dateRegister":"2012-11-20","dateUpdate":"2019-02-01","price":2.69,"pricePromo":0,"priceFinal":2.69,"stock":0,"stockMin":0,"description":"CERVEJA SKOL LT 350ML","codProduct":"6925","priceBuy":2.08,"validityNext":"N","priceAttacked":0,"quantityAttacked":0,"image":"\/resources\/imgs\/products\/default.png"},"16":{"idStore":"1","departament":"DOCES","category":"ALIMENTOS","subcategory":"MERCEARIA DOCE","mark":null,"unit":"UN","volume":null,"barCode":"7891962012735","name":"CHOCOTTONE BAUDUCO 500G.GOTAS CHOCO","dateRegister":"2012-11-07","dateUpdate":"2019-02-05","price":25.98,"pricePromo":0,"priceFinal":25.98,"stock":0,"stockMin":0,"description":"CHOCOTTONE BAUDUCO 500G.GOTAS CHOCO","codProduct":"4737","priceBuy":18.21,"validityNext":"N","priceAttacked":0,"quantityAttacked":0,"image":"\/resources\/imgs\/products\/cod\/7891962012735.png"},"17":{"idStore":"1","departament":"A\u00c7OUGUE","category":"ALIMENTOS","subcategory":"PEREC\u00cdVEIS","mark":null,"unit":"KG","volume":null,"barCode":"7891515977412","name":"CORACAO FRANGO PERDIGAO 1KG","dateRegister":"2014-07-25","dateUpdate":"2018-04-23","price":15.98,"pricePromo":0,"priceFinal":15.98,"stock":0,"stockMin":0,"description":"CORACAO FRANGO PERDIGAO 1KG","codProduct":"4548","priceBuy":12.01,"validityNext":"N","priceAttacked":0,"quantityAttacked":0,"image":"\/resources\/imgs\/products\/desc\/CORACAO.png"},"18":{"idStore":"1","departament":"A\u00c7OUGUE","category":"ALIMENTOS","subcategory":"A\u00c7OUGUE","mark":null,"unit":"KG","volume":null,"barCode":"000819","name":"COXINHA DA ASA KG","dateRegister":"2012-11-16","dateUpdate":"2019-02-04","price":10.39,"pricePromo":0,"priceFinal":10.39,"stock":0,"stockMin":0,"description":"COXINHA DA ASA KG","codProduct":"6299","priceBuy":7.66,"validityNext":"N","priceAttacked":0,"quantityAttacked":0,"image":"\/resources\/imgs\/products\/desc\/COXINHA.png"},"19":{"idStore":"1","departament":"DOCES","category":"ALIMENTOS","subcategory":"MERCEARIA DOCE","mark":null,"unit":"UN","volume":null,"barCode":"7891000155806","name":"DOCE BRIGADEIRO NESTLE MOCA 385G","dateRegister":"2012-10-25","dateUpdate":"2018-08-27","price":10.49,"pricePromo":0,"priceFinal":10.49,"stock":0,"stockMin":0,"description":"DOCE BRIGADEIRO NESTLE MOCA 385G","codProduct":"2837","priceBuy":7.12,"validityNext":"N","priceAttacked":0,"quantityAttacked":0,"image":"\/resources\/imgs\/products\/cod\/7891000155806.png"},"20":{"idStore":"1","departament":"DOCES","category":"ALIMENTOS","subcategory":"MERCEARIA DOCE","mark":null,"unit":"UN","volume":null,"barCode":"125620","name":"DOCE DE LEITE  PREDILECTA 400G","dateRegister":"2012-10-25","dateUpdate":"2016-06-24","price":9.88,"pricePromo":0,"priceFinal":9.88,"stock":0,"stockMin":0,"description":"DOCE DE LEITE  PREDILECTA 400G","codProduct":"125620","priceBuy":6.14,"validityNext":"N","priceAttacked":0,"quantityAttacked":0,"image":"\/resources\/imgs\/products\/cod\/125620.png"},"21":{"idStore":"1","departament":"UTILIDADES DE COZINHA","category":"TALHERES","subcategory":"BAZAR E TEXTIL","mark":null,"unit":"UN","volume":null,"barCode":"7896479903385","name":"FACA MARTINOX C\/3 PRETO","dateRegister":"2012-11-05","dateUpdate":"2018-09-11","price":4.97,"pricePromo":0,"priceFinal":4.97,"stock":0,"stockMin":0,"description":"FACA MARTINOX C.3 PRETO","codProduct":"124841","priceBuy":2.96,"validityNext":"N","priceAttacked":0,"quantityAttacked":0,"image":"\/resources\/imgs\/products\/default.png"},"22":{"idStore":"1","departament":"CEREAIS","category":"ALIMENTOS","subcategory":"MERCEARIA SECA","mark":null,"unit":"UN","volume":null,"barCode":"7896726700026","name":"FEIJAO PAQUITO T1 1KG","dateRegister":"2012-05-22","dateUpdate":"2019-01-31","price":7.57,"pricePromo":0,"priceFinal":7.57,"stock":0,"stockMin":0,"description":"FEIJAO PAQUITO T1 1KG","codProduct":"174","priceBuy":2.83,"validityNext":"N","priceAttacked":0,"quantityAttacked":0,"image":"\/resources\/imgs\/products\/cod\/7896726700026.png"},"23":{"idStore":"1","departament":"ALUMINIO","category":"PANELAS","subcategory":"COZINHA","mark":null,"unit":"UN","volume":null,"barCode":"7897101301951","name":"FORMA PUDIM CASA GRANDE 22","dateRegister":"2014-07-01","dateUpdate":"2018-08-20","price":58.89,"pricePromo":0,"priceFinal":58.89,"stock":0,"stockMin":0,"description":"FORMA PUDIM CASA GRANDE 22","codProduct":"3677","priceBuy":0,"validityNext":"N","priceAttacked":0,"quantityAttacked":0,"image":"\/resources\/imgs\/products\/cod\/7897101301951.png"},"24":{"idStore":"1","departament":"UTILIDADES DE COZINHA","category":"N ALIMENTOS","subcategory":"BAZAR E TEXTIL","mark":null,"unit":"UN","volume":null,"barCode":"7896007941254","name":"FOSFORO FOGAO FIAT LUX C\/50UN","dateRegister":"2012-10-24","dateUpdate":"2018-03-20","price":2.87,"pricePromo":0,"priceFinal":2.87,"stock":0,"stockMin":0,"description":"FOSFORO FOGAO FIAT LUX C.50UN","codProduct":"5152","priceBuy":1.78,"validityNext":"N","priceAttacked":0,"quantityAttacked":0,"image":"\/resources\/imgs\/products\/cod\/7896007941254.png"},"25":{"idStore":"1","departament":"ALUMINIO","category":"PANELAS","subcategory":"COZINHA","mark":null,"unit":"UN","volume":null,"barCode":"7896444601711","name":"FRIGIDEIRA RAMOS FRANCE N.16","dateRegister":"2012-11-22","dateUpdate":"2017-11-15","price":21.98,"pricePromo":0,"priceFinal":21.98,"stock":0,"stockMin":0,"description":"FRIGIDEIRA RAMOS FRANCE N.16","codProduct":"12136","priceBuy":12.01,"validityNext":"N","priceAttacked":0,"quantityAttacked":0,"image":"\/resources\/imgs\/products\/cod\/7896444601711.png"},"26":{"idStore":"1","departament":"FRUTAS","category":"ALIMENTOS","subcategory":"HORTIFRUTI","mark":null,"unit":"LT","volume":null,"barCode":"7898929590930","name":"GOIABA DEZ PT 300G","dateRegister":"2014-12-01","dateUpdate":"2014-12-02","price":1.99,"pricePromo":0,"priceFinal":1.99,"stock":0,"stockMin":0,"description":"GOIABA DEZ PT 300G","codProduct":"13516","priceBuy":1.05,"validityNext":"N","priceAttacked":0,"quantityAttacked":0,"image":"\/resources\/imgs\/products\/desc\/GOIABA.png"},"27":{"idStore":"1","departament":"DOCES","category":"ALIMENTOS","subcategory":"MERCEARIA DOCE","mark":null,"unit":"UN","volume":null,"barCode":"7896292330061","name":"GOIABADA PREDILECTA 300G","dateRegister":"2012-10-09","dateUpdate":"2019-01-31","price":3.29,"pricePromo":0,"priceFinal":3.29,"stock":0,"stockMin":0,"description":"GOIABADA PREDILECTA 300G","codProduct":"6662","priceBuy":1.96,"validityNext":"N","priceAttacked":0,"quantityAttacked":0,"image":"\/resources\/imgs\/products\/cod\/7896292330061.png"},"28":{"idStore":"1","departament":"FRUTAS","category":"ALIMENTOS","subcategory":"HORTIFRUTI","mark":null,"unit":"UN","volume":null,"barCode":"7896304000425","name":"KIWI TURMA DA MONICA 600G","dateRegister":"2012-11-14","dateUpdate":"2017-11-13","price":17.98,"pricePromo":15,"priceFinal":15,"stock":0,"stockMin":0,"description":"KIWI TURMA DA MONICA 600G","codProduct":"10469","priceBuy":11,"validityNext":"N","priceAttacked":0,"quantityAttacked":0,"image":"\/resources\/imgs\/products\/desc\/KIWI.png"},"29":{"idStore":"1","departament":"FRUTAS","category":"ALIMENTOS","subcategory":"HORTIFRUTI","mark":null,"unit":"KG","volume":null,"barCode":"000260","name":"LARANJA KG","dateRegister":"2012-11-14","dateUpdate":"2019-02-02","price":2.19,"pricePromo":1.49,"priceFinal":1.49,"stock":0,"stockMin":0,"description":"LARANJA KG","codProduct":"6386","priceBuy":1.15,"validityNext":"N","priceAttacked":0,"quantityAttacked":0,"image":"\/resources\/imgs\/products\/desc\/LARANJA.png"},"30":{"idStore":"1","departament":"CEREAIS","category":"ALIMENTOS","subcategory":"MERCEARIA SECA","mark":null,"unit":"UN","volume":null,"barCode":"7896183900847","name":"LENTILHA ZAELI 500G","dateRegister":"2012-09-14","dateUpdate":"2016-12-27","price":8.98,"pricePromo":0,"priceFinal":8.98,"stock":0,"stockMin":0,"description":"LENTILHA ZAELI 500G","codProduct":"496","priceBuy":7.04,"validityNext":"N","priceAttacked":0,"quantityAttacked":0,"image":"\/resources\/imgs\/products\/cod\/7896183900847.png"},"31":{"idStore":"1","departament":"FRUTAS","category":"ALIMENTOS","subcategory":"HORTIFRUTI","mark":null,"unit":"KG","volume":null,"barCode":"000239","name":"LIMAO KG","dateRegister":"2012-11-14","dateUpdate":"2019-01-31","price":3.5,"pricePromo":0,"priceFinal":3.5,"stock":0,"stockMin":0,"description":"LIMAO KG","codProduct":"6389","priceBuy":1.5,"validityNext":"N","priceAttacked":0,"quantityAttacked":0,"image":"\/resources\/imgs\/products\/desc\/LIMAO.png"},"32":{"idStore":"1","departament":"FRUTAS","category":"ALIMENTOS","subcategory":"HORTIFRUTI","mark":"FISCHER","unit":"UN","volume":null,"barCode":"7896304000012","name":"MACA TURMA DA MONICA 1KG","dateRegister":"2012-11-14","dateUpdate":"2020-08-18","price":9,"pricePromo":7.59,"priceFinal":7.59,"stock":0,"stockMin":0,"description":"MACA TURMA DA MONICA 1KG","codProduct":"10597","priceBuy":5.1,"validityNext":"N","priceAttacked":0,"quantityAttacked":0,"image":"\/resources\/imgs\/products\/cod\/7896304000012.png"},"33":{"idStore":"1","departament":"FRUTAS","category":"ALIMENTOS","subcategory":"HORTIFRUTI","mark":null,"unit":"KG","volume":null,"barCode":"003520","name":"MANGA KG","dateRegister":"2012-11-14","dateUpdate":"2019-01-24","price":7.17,"pricePromo":1.79,"priceFinal":1.79,"stock":0,"stockMin":0,"description":"MANGA KG","codProduct":"6432","priceBuy":3.5,"validityNext":"N","priceAttacked":0,"quantityAttacked":0,"image":"\/resources\/imgs\/products\/desc\/MANGA.png"},"34":{"idStore":"1","departament":"A\u00c7OUGUE","category":"ALIMENTOS","subcategory":"A\u00c7OUGUE","mark":null,"unit":"KG","volume":null,"barCode":"001380","name":"MORT.SADILAR SADIA KG","dateRegister":"2012-11-16","dateUpdate":"2015-08-06","price":6.98,"pricePromo":0,"priceFinal":6.98,"stock":0,"stockMin":0,"description":"MORT.SADILAR SADIA KG","codProduct":"6474","priceBuy":4.67,"validityNext":"N","priceAttacked":0,"quantityAttacked":0,"image":"\/resources\/imgs\/products\/desc\/MORT.SADILAR.png"},"36":{"idStore":"1","departament":"ALUMINIO","category":"PANELAS","subcategory":"COZINHA","mark":null,"unit":"UN","volume":null,"barCode":"7896444603005","name":"PANELA PRESSAO RAMOS PRESS.4,5LT","dateRegister":"2012-11-21","dateUpdate":"2017-11-15","price":71.98,"pricePromo":0,"priceFinal":71.98,"stock":0,"stockMin":0,"description":"PANELA PRESSAO RAMOS PRESS.4,5LT","codProduct":"7749","priceBuy":39.6,"validityNext":"N","priceAttacked":0,"quantityAttacked":0,"image":"\/resources\/imgs\/products\/cod\/7896444603005.png"},"37":{"idStore":"1","departament":"UTILIDADES DE COZINHA","category":"N ALIMENTOS","subcategory":"BAZAR E TEXTIL","mark":null,"unit":"UN","volume":null,"barCode":"7896110061221","name":"PAP.TOALHA SNOB BRANCA 2UN","dateRegister":"2012-10-17","dateUpdate":"2018-11-22","price":4.98,"pricePromo":0,"priceFinal":4.98,"stock":0,"stockMin":0,"description":"PAP.TOALHA SNOB BRANCA 2UN","codProduct":"4819","priceBuy":3,"validityNext":"N","priceAttacked":0,"quantityAttacked":0,"image":"\/resources\/imgs\/products\/cod\/7896110061221.png"},"38":{"idStore":"1","departament":"A\u00c7OUGUE","category":"ALIMENTOS","subcategory":"A\u00c7OUGUE","mark":null,"unit":"KG","volume":null,"barCode":"000994","name":"PEITO DE FRANGO KG","dateRegister":"2012-11-16","dateUpdate":"2019-02-04","price":8.98,"pricePromo":0,"priceFinal":8.98,"stock":0,"stockMin":0,"description":"PEITO DE FRANGO KG","codProduct":"6615","priceBuy":6.05,"validityNext":"N","priceAttacked":0,"quantityAttacked":0,"image":"\/resources\/imgs\/products\/desc\/PEITO.png"},"39":{"idStore":"1","departament":"A\u00c7OUGUE","category":"ALIMENTOS","subcategory":"A\u00c7OUGUE","mark":null,"unit":"KG","volume":null,"barCode":"004031","name":"PERNIL INT.C\/OSSO SEARA KG","dateRegister":"2012-11-16","dateUpdate":"2016-09-27","price":11.89,"pricePromo":0,"priceFinal":11.89,"stock":0,"stockMin":0,"description":"PERNIL INT.C.OSSO SEARA KG","codProduct":"130328","priceBuy":10.95,"validityNext":"N","priceAttacked":0,"quantityAttacked":0,"image":"\/resources\/imgs\/products\/desc\/PERNIL.png"},"40":{"idStore":"1","departament":"A\u00c7OUGUE","category":"ALIMENTOS","subcategory":"A\u00c7OUGUE","mark":null,"unit":"KG","volume":null,"barCode":"004018","name":"PICANHA SUINA TEMP.PERDIGAO KG","dateRegister":"2014-06-21","dateUpdate":"2017-06-22","price":22.98,"pricePromo":0,"priceFinal":22.98,"stock":0,"stockMin":0,"description":"PICANHA SUINA TEMP.PERDIGAO KG","codProduct":"128792","priceBuy":12.52,"validityNext":"N","priceAttacked":0,"quantityAttacked":0,"image":"\/resources\/imgs\/products\/desc\/PICANHA.png"},"41":{"idStore":"1","departament":"UTILIDADES DE COZINHA","category":"N ALIMENTOS","subcategory":"BAZAR E TEXTIL","mark":null,"unit":"UN","volume":null,"barCode":"7898264716293","name":"SALEIRO PLAST.MESA ERCAPLAST REF 62","dateRegister":"2012-11-27","dateUpdate":"2018-10-08","price":1.7,"pricePromo":0,"priceFinal":1.7,"stock":0,"stockMin":0,"description":"SALEIRO PLAST.MESA ERCAPLAST REF 62","codProduct":"9001","priceBuy":1.02,"validityNext":"N","priceAttacked":0,"quantityAttacked":0,"image":"\/resources\/imgs\/products\/cod\/7898264716293.png"},"42":{"idStore":"1","departament":"CEREAIS","category":"ALIMENTOS","subcategory":"MERCEARIA SECA","mark":null,"unit":"UN","volume":null,"barCode":"7898941911072","name":"SUSTAGEN KIDS 380G.MORANGO","dateRegister":"2012-10-19","dateUpdate":"2018-06-26","price":28.98,"pricePromo":0,"priceFinal":28.98,"stock":0,"stockMin":0,"description":"SUSTAGEN KIDS 380G.MORANGO","codProduct":"3599","priceBuy":19.68,"validityNext":"N","priceAttacked":0,"quantityAttacked":0,"image":"\/resources\/imgs\/products\/cod\/7898941911072.png"},"43":{"idStore":"1","departament":"UTILIDADES DE COZINHA","category":"N ALIMENTOS","subcategory":"BAZAR E TEXTIL","mark":null,"unit":"UN","volume":null,"barCode":"7897101303986","name":"UTIL.COPO CHOP.CAMBE VENEZA 10","dateRegister":"2014-05-28","dateUpdate":"2014-05-28","price":11.29,"pricePromo":0,"priceFinal":11.29,"stock":0,"stockMin":0,"description":"UTIL.COPO CHOP.CAMBE VENEZA 10","codProduct":"2999","priceBuy":6.09,"validityNext":"N","priceAttacked":0,"quantityAttacked":0,"image":"\/resources\/imgs\/products\/cod\/7897101303986.png"},"44":{"idStore":"1","departament":"UTILIDADES DE COZINHA","category":"N ALIMENTOS","subcategory":"BAZAR E TEXTIL","mark":null,"unit":"UN","volume":null,"barCode":"7891021001885","name":"UTIL.FILTRO PAPEL MELITA 102 C\/30UN","dateRegister":"2012-10-18","dateUpdate":"2018-02-28","price":3.78,"pricePromo":0,"priceFinal":3.78,"stock":0,"stockMin":0,"description":"UTIL.FILTRO PAPEL MELITA 102 C.30UN","codProduct":"1678","priceBuy":2.15,"validityNext":"N","priceAttacked":0,"quantityAttacked":0,"image":"\/resources\/imgs\/products\/cod\/7891021001885.png"},"45":{"idStore":"1","departament":"UTILIDADES DE COZINHA","category":"N ALIMENTOS","subcategory":"BAZAR E TEXTIL","mark":null,"unit":"UN","volume":null,"barCode":"7897101301920","name":"UTIL.FORMA PIZZA CASA GRANDE 30","dateRegister":"2014-05-28","dateUpdate":"2014-05-28","price":15.89,"pricePromo":0,"priceFinal":15.89,"stock":0,"stockMin":0,"description":"UTIL.FORMA PIZZA CASA GRANDE 30","codProduct":"3075","priceBuy":8.59,"validityNext":"N","priceAttacked":0,"quantityAttacked":0,"image":"\/resources\/imgs\/products\/cod\/7897101301920.png"}}